{"season": 370, "all": 16.63, "limit-15": 21.63, "limit-5": 0.06000000000000005, "limit-2": -2.2599999999999993, "bets": 576, "bets-15": 571, "bets-5": 447, "bets-2": 173, "perc-tot": "2.887%", "perc-15": "3.788%", "perc-5": "0.013%", "perc-2": "-1.306%"}