{"HomePoly": [0.01693946243087879, 0.45264650242912874], "AwayPoly": [-8.969593354862788e-06, -0.011971871243300783, 0.2872305382009244], "DrawPoly": [-0.00021932474870851483, -0.00496759118757802, 0.29208416725881925], "HomeR": 0.9040532180358836, "AwayR": 0.778266324608796, "DrawR": 0.5038275986942018}