{"HomePoly": [0.01873476274962657, 0.4490378502901411], "AwayPoly": [0.0003393429280558778, -0.016312775902099855, 0.2820663043806673], "DrawPoly": [-0.00038287818384035653, -0.0024290592968708867, 0.27764628740617114], "HomeR": 0.8469333881671567, "AwayR": 0.7867404798380271, "DrawR": 0.3859631891005909}