{"HomePoly": [0.01778680896657714, 0.4068092446577247], "AwayPoly": [-0.016281060838745812, 0.3264359522222058], "DrawPoly": [-0.0001385006570245571, -0.0016442487848558924, 0.28517539050433544], "HomeR": 0.8858465372821931, "AwayR": 0.7997237615010704, "DrawR": 0.0587753450703854}