{"HomePoly": [0.016776220431959567, 0.4374743423384681], "AwayPoly": [0.00031395886549187265, -0.015334662603062104, 0.26546086321691226], "DrawPoly": [-0.0003910584024750842, -0.0015186573658806843, 0.3028215598726993], "HomeR": 0.9434004717080658, "AwayR": 0.9502414205004289, "DrawR": 0.43843304223416}